id,policy_snippet,agent_response,human_label
g001,Damaged items may be replaced free of charge within 45 days of purchase. Cash refunds are not offered for damaged items; store credit is issued instead.,"Since it arrived damaged, we'll replace it for free - no cost to you, as long as it's within 45 days of your purchase.",grounded
g002,Damaged items may be replaced free of charge within 45 days of purchase. Cash refunds are not offered for damaged items; store credit is issued instead.,"Thanks for reaching out! Since it arrived damaged, we'll replace it for free - no cost to you, as long as it's within 45 days of your purchase.",grounded
g003,Damaged items may be replaced free of charge within 45 days of purchase. Cash refunds are not offered for damaged items; store credit is issued instead.,"Sure, happy to help. Since it arrived damaged, we'll replace it for free - no cost to you, as long as it's within 45 days of your purchase.",grounded
g004,Damaged items may be replaced free of charge within 45 days of purchase. Cash refunds are not offered for damaged items; store credit is issued instead.,"Got it. Since it arrived damaged, we'll replace it for free - no cost to you, as long as it's within 45 days of your purchase.",grounded
g005,Damaged items may be replaced free of charge within 45 days of purchase. Cash refunds are not offered for damaged items; store credit is issued instead.,"I checked your order. Since it arrived damaged, we'll replace it for free - no cost to you, as long as it's within 45 days of your purchase.",grounded
g006,Damaged items may be replaced free of charge within 45 days of purchase. Cash refunds are not offered for damaged items; store credit is issued instead.,"We can't issue a cash refund for a damaged item, but we'll give you store credit instead.",grounded
g007,Damaged items may be replaced free of charge within 45 days of purchase. Cash refunds are not offered for damaged items; store credit is issued instead.,"Thanks for reaching out! We can't issue a cash refund for a damaged item, but we'll give you store credit instead.",grounded
g008,Damaged items may be replaced free of charge within 45 days of purchase. Cash refunds are not offered for damaged items; store credit is issued instead.,"Sure, happy to help. We can't issue a cash refund for a damaged item, but we'll give you store credit instead.",grounded
g009,Damaged items may be replaced free of charge within 45 days of purchase. Cash refunds are not offered for damaged items; store credit is issued instead.,"Got it. We can't issue a cash refund for a damaged item, but we'll give you store credit instead.",grounded
g010,Damaged items may be replaced free of charge within 45 days of purchase. Cash refunds are not offered for damaged items; store credit is issued instead.,"I checked your order. We can't issue a cash refund for a damaged item, but we'll give you store credit instead.",grounded
g011,Damaged items may be replaced free of charge within 45 days of purchase. Cash refunds are not offered for damaged items; store credit is issued instead.,We'll issue a full cash refund for the damaged item within 24 hours.,ungrounded
g012,Damaged items may be replaced free of charge within 45 days of purchase. Cash refunds are not offered for damaged items; store credit is issued instead.,Thanks for reaching out! We'll issue a full cash refund for the damaged item within 24 hours.,ungrounded
g013,Damaged items may be replaced free of charge within 45 days of purchase. Cash refunds are not offered for damaged items; store credit is issued instead.,"Sure, happy to help. We'll issue a full cash refund for the damaged item within 24 hours.",ungrounded
g014,Damaged items may be replaced free of charge within 45 days of purchase. Cash refunds are not offered for damaged items; store credit is issued instead.,Got it. We'll issue a full cash refund for the damaged item within 24 hours.,ungrounded
g015,Damaged items may be replaced free of charge within 45 days of purchase. Cash refunds are not offered for damaged items; store credit is issued instead.,I checked your order. We'll issue a full cash refund for the damaged item within 24 hours.,ungrounded
g016,Damaged items may be replaced free of charge within 45 days of purchase. Cash refunds are not offered for damaged items; store credit is issued instead.,"Damaged items can be replaced free of charge at any time, no time limit.",ungrounded
g017,Damaged items may be replaced free of charge within 45 days of purchase. Cash refunds are not offered for damaged items; store credit is issued instead.,"Thanks for reaching out! Damaged items can be replaced free of charge at any time, no time limit.",ungrounded
g018,Damaged items may be replaced free of charge within 45 days of purchase. Cash refunds are not offered for damaged items; store credit is issued instead.,"Sure, happy to help. Damaged items can be replaced free of charge at any time, no time limit.",ungrounded
g019,Damaged items may be replaced free of charge within 45 days of purchase. Cash refunds are not offered for damaged items; store credit is issued instead.,"Got it. Damaged items can be replaced free of charge at any time, no time limit.",ungrounded
g020,Damaged items may be replaced free of charge within 45 days of purchase. Cash refunds are not offered for damaged items; store credit is issued instead.,"I checked your order. Damaged items can be replaced free of charge at any time, no time limit.",ungrounded
g021,Damaged items may be replaced free of charge within 45 days of purchase. Cash refunds are not offered for damaged items; store credit is issued instead.,"We'll replace it for free within 45 days, as long as you return the original packaging.",ungrounded
g022,Damaged items may be replaced free of charge within 45 days of purchase. Cash refunds are not offered for damaged items; store credit is issued instead.,"Thanks for reaching out! We'll replace it for free within 45 days, as long as you return the original packaging.",ungrounded
g023,Damaged items may be replaced free of charge within 45 days of purchase. Cash refunds are not offered for damaged items; store credit is issued instead.,"Sure, happy to help. We'll replace it for free within 45 days, as long as you return the original packaging.",ungrounded
g024,Damaged items may be replaced free of charge within 45 days of purchase. Cash refunds are not offered for damaged items; store credit is issued instead.,"Got it. We'll replace it for free within 45 days, as long as you return the original packaging.",ungrounded
g025,Damaged items may be replaced free of charge within 45 days of purchase. Cash refunds are not offered for damaged items; store credit is issued instead.,"I checked your order. We'll replace it for free within 45 days, as long as you return the original packaging.",ungrounded
g026,Damaged items may be replaced free of charge within 45 days of purchase. Cash refunds are not offered for damaged items; store credit is issued instead.,You have 90 days to request a free replacement for damaged items.,ungrounded
g027,Damaged items may be replaced free of charge within 45 days of purchase. Cash refunds are not offered for damaged items; store credit is issued instead.,Thanks for reaching out! You have 90 days to request a free replacement for damaged items.,ungrounded
g028,Damaged items may be replaced free of charge within 45 days of purchase. Cash refunds are not offered for damaged items; store credit is issued instead.,"Sure, happy to help. You have 90 days to request a free replacement for damaged items.",ungrounded
g029,Damaged items may be replaced free of charge within 45 days of purchase. Cash refunds are not offered for damaged items; store credit is issued instead.,Got it. You have 90 days to request a free replacement for damaged items.,ungrounded
g030,Damaged items may be replaced free of charge within 45 days of purchase. Cash refunds are not offered for damaged items; store credit is issued instead.,I checked your order. You have 90 days to request a free replacement for damaged items.,ungrounded
g031,"Orders can be cancelled any time before they ship. Once an order has shipped, it cannot be cancelled, but a return can be requested after delivery.","Since your order hasn't shipped yet, I can cancel it right now.",grounded
g032,"Orders can be cancelled any time before they ship. Once an order has shipped, it cannot be cancelled, but a return can be requested after delivery.","Thanks for reaching out! Since your order hasn't shipped yet, I can cancel it right now.",grounded
g033,"Orders can be cancelled any time before they ship. Once an order has shipped, it cannot be cancelled, but a return can be requested after delivery.","Sure, happy to help. Since your order hasn't shipped yet, I can cancel it right now.",grounded
g034,"Orders can be cancelled any time before they ship. Once an order has shipped, it cannot be cancelled, but a return can be requested after delivery.","Got it. Since your order hasn't shipped yet, I can cancel it right now.",grounded
g035,"Orders can be cancelled any time before they ship. Once an order has shipped, it cannot be cancelled, but a return can be requested after delivery.","I checked your order. Since your order hasn't shipped yet, I can cancel it right now.",grounded
g036,"Orders can be cancelled any time before they ship. Once an order has shipped, it cannot be cancelled, but a return can be requested after delivery.","It's already shipped, so I can't cancel it, but you can return it once it arrives.",grounded
g037,"Orders can be cancelled any time before they ship. Once an order has shipped, it cannot be cancelled, but a return can be requested after delivery.","Thanks for reaching out! It's already shipped, so I can't cancel it, but you can return it once it arrives.",grounded
g038,"Orders can be cancelled any time before they ship. Once an order has shipped, it cannot be cancelled, but a return can be requested after delivery.","Sure, happy to help. It's already shipped, so I can't cancel it, but you can return it once it arrives.",grounded
g039,"Orders can be cancelled any time before they ship. Once an order has shipped, it cannot be cancelled, but a return can be requested after delivery.","Got it. It's already shipped, so I can't cancel it, but you can return it once it arrives.",grounded
g040,"Orders can be cancelled any time before they ship. Once an order has shipped, it cannot be cancelled, but a return can be requested after delivery.","I checked your order. It's already shipped, so I can't cancel it, but you can return it once it arrives.",grounded
g041,"Orders can be cancelled any time before they ship. Once an order has shipped, it cannot be cancelled, but a return can be requested after delivery.","I can cancel it even though it's already shipped, automatically, no problem.",ungrounded
g042,"Orders can be cancelled any time before they ship. Once an order has shipped, it cannot be cancelled, but a return can be requested after delivery.","Thanks for reaching out! I can cancel it even though it's already shipped, automatically, no problem.",ungrounded
g043,"Orders can be cancelled any time before they ship. Once an order has shipped, it cannot be cancelled, but a return can be requested after delivery.","Sure, happy to help. I can cancel it even though it's already shipped, automatically, no problem.",ungrounded
g044,"Orders can be cancelled any time before they ship. Once an order has shipped, it cannot be cancelled, but a return can be requested after delivery.","Got it. I can cancel it even though it's already shipped, automatically, no problem.",ungrounded
g045,"Orders can be cancelled any time before they ship. Once an order has shipped, it cannot be cancelled, but a return can be requested after delivery.","I checked your order. I can cancel it even though it's already shipped, automatically, no problem.",ungrounded
g046,"Orders can be cancelled any time before they ship. Once an order has shipped, it cannot be cancelled, but a return can be requested after delivery.",You have 30 days after shipping to cancel.,ungrounded
g047,"Orders can be cancelled any time before they ship. Once an order has shipped, it cannot be cancelled, but a return can be requested after delivery.",Thanks for reaching out! You have 30 days after shipping to cancel.,ungrounded
g048,"Orders can be cancelled any time before they ship. Once an order has shipped, it cannot be cancelled, but a return can be requested after delivery.","Sure, happy to help. You have 30 days after shipping to cancel.",ungrounded
g049,"Orders can be cancelled any time before they ship. Once an order has shipped, it cannot be cancelled, but a return can be requested after delivery.",Got it. You have 30 days after shipping to cancel.,ungrounded
g050,"Orders can be cancelled any time before they ship. Once an order has shipped, it cannot be cancelled, but a return can be requested after delivery.",I checked your order. You have 30 days after shipping to cancel.,ungrounded
g051,"Orders can be cancelled any time before they ship. Once an order has shipped, it cannot be cancelled, but a return can be requested after delivery.","I can cancel any order at any time, even after delivery.",ungrounded
g052,"Orders can be cancelled any time before they ship. Once an order has shipped, it cannot be cancelled, but a return can be requested after delivery.","Thanks for reaching out! I can cancel any order at any time, even after delivery.",ungrounded
g053,"Orders can be cancelled any time before they ship. Once an order has shipped, it cannot be cancelled, but a return can be requested after delivery.","Sure, happy to help. I can cancel any order at any time, even after delivery.",ungrounded
g054,"Orders can be cancelled any time before they ship. Once an order has shipped, it cannot be cancelled, but a return can be requested after delivery.","Got it. I can cancel any order at any time, even after delivery.",ungrounded
g055,"Orders can be cancelled any time before they ship. Once an order has shipped, it cannot be cancelled, but a return can be requested after delivery.","I checked your order. I can cancel any order at any time, even after delivery.",ungrounded
g056,Standard shipping takes 5-7 business days at no extra cost. Expedited shipping is available for an additional $12 and takes 2-3 business days.,Standard shipping is free and takes 5 to 7 business days.,grounded
g057,Standard shipping takes 5-7 business days at no extra cost. Expedited shipping is available for an additional $12 and takes 2-3 business days.,Thanks for reaching out! Standard shipping is free and takes 5 to 7 business days.,grounded
g058,Standard shipping takes 5-7 business days at no extra cost. Expedited shipping is available for an additional $12 and takes 2-3 business days.,"Sure, happy to help. Standard shipping is free and takes 5 to 7 business days.",grounded
g059,Standard shipping takes 5-7 business days at no extra cost. Expedited shipping is available for an additional $12 and takes 2-3 business days.,Got it. Standard shipping is free and takes 5 to 7 business days.,grounded
g060,Standard shipping takes 5-7 business days at no extra cost. Expedited shipping is available for an additional $12 and takes 2-3 business days.,I checked your order. Standard shipping is free and takes 5 to 7 business days.,grounded
g061,Standard shipping takes 5-7 business days at no extra cost. Expedited shipping is available for an additional $12 and takes 2-3 business days.,"If you need it faster, expedited shipping is $12 extra and takes 2-3 business days.",grounded
g062,Standard shipping takes 5-7 business days at no extra cost. Expedited shipping is available for an additional $12 and takes 2-3 business days.,"Thanks for reaching out! If you need it faster, expedited shipping is $12 extra and takes 2-3 business days.",grounded
g063,Standard shipping takes 5-7 business days at no extra cost. Expedited shipping is available for an additional $12 and takes 2-3 business days.,"Sure, happy to help. If you need it faster, expedited shipping is $12 extra and takes 2-3 business days.",grounded
g064,Standard shipping takes 5-7 business days at no extra cost. Expedited shipping is available for an additional $12 and takes 2-3 business days.,"Got it. If you need it faster, expedited shipping is $12 extra and takes 2-3 business days.",grounded
g065,Standard shipping takes 5-7 business days at no extra cost. Expedited shipping is available for an additional $12 and takes 2-3 business days.,"I checked your order. If you need it faster, expedited shipping is $12 extra and takes 2-3 business days.",grounded
g066,Standard shipping takes 5-7 business days at no extra cost. Expedited shipping is available for an additional $12 and takes 2-3 business days.,Standard shipping is free and arrives in 2-3 business days.,ungrounded
g067,Standard shipping takes 5-7 business days at no extra cost. Expedited shipping is available for an additional $12 and takes 2-3 business days.,Thanks for reaching out! Standard shipping is free and arrives in 2-3 business days.,ungrounded
g068,Standard shipping takes 5-7 business days at no extra cost. Expedited shipping is available for an additional $12 and takes 2-3 business days.,"Sure, happy to help. Standard shipping is free and arrives in 2-3 business days.",ungrounded
g069,Standard shipping takes 5-7 business days at no extra cost. Expedited shipping is available for an additional $12 and takes 2-3 business days.,Got it. Standard shipping is free and arrives in 2-3 business days.,ungrounded
g070,Standard shipping takes 5-7 business days at no extra cost. Expedited shipping is available for an additional $12 and takes 2-3 business days.,I checked your order. Standard shipping is free and arrives in 2-3 business days.,ungrounded
g071,Standard shipping takes 5-7 business days at no extra cost. Expedited shipping is available for an additional $12 and takes 2-3 business days.,Expedited shipping is free if your order is over $50.,ungrounded
g072,Standard shipping takes 5-7 business days at no extra cost. Expedited shipping is available for an additional $12 and takes 2-3 business days.,Thanks for reaching out! Expedited shipping is free if your order is over $50.,ungrounded
g073,Standard shipping takes 5-7 business days at no extra cost. Expedited shipping is available for an additional $12 and takes 2-3 business days.,"Sure, happy to help. Expedited shipping is free if your order is over $50.",ungrounded
g074,Standard shipping takes 5-7 business days at no extra cost. Expedited shipping is available for an additional $12 and takes 2-3 business days.,Got it. Expedited shipping is free if your order is over $50.,ungrounded
g075,Standard shipping takes 5-7 business days at no extra cost. Expedited shipping is available for an additional $12 and takes 2-3 business days.,I checked your order. Expedited shipping is free if your order is over $50.,ungrounded
g076,Standard shipping takes 5-7 business days at no extra cost. Expedited shipping is available for an additional $12 and takes 2-3 business days.,Standard shipping takes 5-7 business days and costs $5.,ungrounded
g077,Standard shipping takes 5-7 business days at no extra cost. Expedited shipping is available for an additional $12 and takes 2-3 business days.,Thanks for reaching out! Standard shipping takes 5-7 business days and costs $5.,ungrounded
g078,Standard shipping takes 5-7 business days at no extra cost. Expedited shipping is available for an additional $12 and takes 2-3 business days.,"Sure, happy to help. Standard shipping takes 5-7 business days and costs $5.",ungrounded
g079,Standard shipping takes 5-7 business days at no extra cost. Expedited shipping is available for an additional $12 and takes 2-3 business days.,Got it. Standard shipping takes 5-7 business days and costs $5.,ungrounded
g080,Standard shipping takes 5-7 business days at no extra cost. Expedited shipping is available for an additional $12 and takes 2-3 business days.,I checked your order. Standard shipping takes 5-7 business days and costs $5.,ungrounded
g081,We do not price match other retailers.,"We don't price match other retailers, sorry about that.",grounded
g082,We do not price match other retailers.,"Thanks for reaching out! We don't price match other retailers, sorry about that.",grounded
g083,We do not price match other retailers.,"Sure, happy to help. We don't price match other retailers, sorry about that.",grounded
g084,We do not price match other retailers.,"Got it. We don't price match other retailers, sorry about that.",grounded
g085,We do not price match other retailers.,"I checked your order. We don't price match other retailers, sorry about that.",grounded
g086,We do not price match other retailers.,"Yes, we automatically price match and refund the difference within 24 hours.",ungrounded
g087,We do not price match other retailers.,"Thanks for reaching out! Yes, we automatically price match and refund the difference within 24 hours.",ungrounded
g088,We do not price match other retailers.,"Sure, happy to help. Yes, we automatically price match and refund the difference within 24 hours.",ungrounded
g089,We do not price match other retailers.,"Got it. Yes, we automatically price match and refund the difference within 24 hours.",ungrounded
g090,We do not price match other retailers.,"I checked your order. Yes, we automatically price match and refund the difference within 24 hours.",ungrounded
g091,We do not price match other retailers.,"We price match, but only for orders placed in the last 7 days.",ungrounded
g092,We do not price match other retailers.,"Thanks for reaching out! We price match, but only for orders placed in the last 7 days.",ungrounded
g093,We do not price match other retailers.,"Sure, happy to help. We price match, but only for orders placed in the last 7 days.",ungrounded
g094,We do not price match other retailers.,"Got it. We price match, but only for orders placed in the last 7 days.",ungrounded
g095,We do not price match other retailers.,"I checked your order. We price match, but only for orders placed in the last 7 days.",ungrounded
g096,Referral program: the referrer receives a $10 account credit after the referred friend completes their first order. No discount is applied automatically at checkout for either party.,Your friend needs to complete their first order before you get a $10 credit - it's not automatic at checkout.,grounded
g097,Referral program: the referrer receives a $10 account credit after the referred friend completes their first order. No discount is applied automatically at checkout for either party.,Thanks for reaching out! Your friend needs to complete their first order before you get a $10 credit - it's not automatic at checkout.,grounded
g098,Referral program: the referrer receives a $10 account credit after the referred friend completes their first order. No discount is applied automatically at checkout for either party.,"Sure, happy to help. Your friend needs to complete their first order before you get a $10 credit - it's not automatic at checkout.",grounded
g099,Referral program: the referrer receives a $10 account credit after the referred friend completes their first order. No discount is applied automatically at checkout for either party.,Got it. Your friend needs to complete their first order before you get a $10 credit - it's not automatic at checkout.,grounded
g100,Referral program: the referrer receives a $10 account credit after the referred friend completes their first order. No discount is applied automatically at checkout for either party.,I checked your order. Your friend needs to complete their first order before you get a $10 credit - it's not automatic at checkout.,grounded
g101,Referral program: the referrer receives a $10 account credit after the referred friend completes their first order. No discount is applied automatically at checkout for either party.,The referral credit is $10 store credit after your friend's first completed order.,grounded
g102,Referral program: the referrer receives a $10 account credit after the referred friend completes their first order. No discount is applied automatically at checkout for either party.,Thanks for reaching out! The referral credit is $10 store credit after your friend's first completed order.,grounded
g103,Referral program: the referrer receives a $10 account credit after the referred friend completes their first order. No discount is applied automatically at checkout for either party.,"Sure, happy to help. The referral credit is $10 store credit after your friend's first completed order.",grounded
g104,Referral program: the referrer receives a $10 account credit after the referred friend completes their first order. No discount is applied automatically at checkout for either party.,Got it. The referral credit is $10 store credit after your friend's first completed order.,grounded
g105,Referral program: the referrer receives a $10 account credit after the referred friend completes their first order. No discount is applied automatically at checkout for either party.,I checked your order. The referral credit is $10 store credit after your friend's first completed order.,grounded
g106,Referral program: the referrer receives a $10 account credit after the referred friend completes their first order. No discount is applied automatically at checkout for either party.,"You get 25% off your next order and your friend gets 15% off, applied automatically at checkout.",ungrounded
g107,Referral program: the referrer receives a $10 account credit after the referred friend completes their first order. No discount is applied automatically at checkout for either party.,"Thanks for reaching out! You get 25% off your next order and your friend gets 15% off, applied automatically at checkout.",ungrounded
g108,Referral program: the referrer receives a $10 account credit after the referred friend completes their first order. No discount is applied automatically at checkout for either party.,"Sure, happy to help. You get 25% off your next order and your friend gets 15% off, applied automatically at checkout.",ungrounded
g109,Referral program: the referrer receives a $10 account credit after the referred friend completes their first order. No discount is applied automatically at checkout for either party.,"Got it. You get 25% off your next order and your friend gets 15% off, applied automatically at checkout.",ungrounded
g110,Referral program: the referrer receives a $10 account credit after the referred friend completes their first order. No discount is applied automatically at checkout for either party.,"I checked your order. You get 25% off your next order and your friend gets 15% off, applied automatically at checkout.",ungrounded
g111,Referral program: the referrer receives a $10 account credit after the referred friend completes their first order. No discount is applied automatically at checkout for either party.,"The referral credit is $20, applied immediately when you send the invite.",ungrounded
g112,Referral program: the referrer receives a $10 account credit after the referred friend completes their first order. No discount is applied automatically at checkout for either party.,"Thanks for reaching out! The referral credit is $20, applied immediately when you send the invite.",ungrounded
g113,Referral program: the referrer receives a $10 account credit after the referred friend completes their first order. No discount is applied automatically at checkout for either party.,"Sure, happy to help. The referral credit is $20, applied immediately when you send the invite.",ungrounded
g114,Referral program: the referrer receives a $10 account credit after the referred friend completes their first order. No discount is applied automatically at checkout for either party.,"Got it. The referral credit is $20, applied immediately when you send the invite.",ungrounded
g115,Referral program: the referrer receives a $10 account credit after the referred friend completes their first order. No discount is applied automatically at checkout for either party.,"I checked your order. The referral credit is $20, applied immediately when you send the invite.",ungrounded
